Model Family,Model,N_Features,CV_MAE,CV_MAE_std,CV_RMSE,CV_RMSE_std,CV_R2,CV_R2_std,Holdout_MAE,Holdout_RMSE,Holdout_R2,CV_seconds,Fit_seconds,Predict_seconds,Feature Columns
Structural-only core,Random Forest,11,0.0128525757526061,0.0001637148580104914,0.03907903713156985,0.001384688375602839,0.13912669762784938,0.006658956892044417,0.013197846490375961,0.040833458718321225,0.15113847029513128,12.000541834000614,1.2877218339999672,0.05196287500075414,"age_years, time_since_rehab, reconstructed_flag, spans, max_span_log1p, skew, cond, deck_area_log1p, operating_rating, HWB_CLASS, design_era_1989"
Structural + SVI,Random Forest,12,0.012982800782798272,0.0002121529797995725,0.03921920314057598,0.0014557557951438596,0.13303817473835225,0.007797562871470558,0.013359427352675405,0.04100309528524309,0.14407088066013074,4.6074551659985445,1.711807834002684,0.0561655419987801,"age_years, time_since_rehab, reconstructed_flag, spans, max_span_log1p, skew, cond, deck_area_log1p, operating_rating, HWB_CLASS, design_era_1989, SVI"
Structural + SVI + NDVI,Random Forest,14,0.01281134511448008,7.227252736082175e-05,0.039397980239111834,0.0013673652400700528,0.12500048246899254,0.002656592583489804,0.013034694594025927,0.040926944647008495,0.14724717858525116,5.547388667000632,1.4529062090005027,0.06525608300216845,"age_years, time_since_rehab, reconstructed_flag, spans, max_span_log1p, skew, cond, deck_area_log1p, operating_rating, HWB_CLASS, design_era_1989, SVI, ndvi_change, ndvi_loss"
