Source Feature,Mutual Information
HWB_CLASS,0.44249362852367446
age_years,0.3987594761997828
time_since_rehab,0.358260610800083
design_era_1989,0.1850452207865867
max_span_log1p,0.1661403235197625
operating_rating,0.12610739507105873
deck_area_log1p,0.11620521617689228
spans,0.11588047140327973
skew,0.08887301062437825
cond,0.05244368488060136
reconstructed_flag,0.023939156367111192
