Source Feature,Mutual Information
age_years,0.25777552816904414
time_since_rehab,0.22961258527092987
max_span_log1p,0.1416107360810006
SVI,0.13675900720912715
HWB_CLASS,0.1288546583502861
deck_area_log1p,0.10036936218618564
skew,0.07797517586809288
operating_rating,0.07752500568544018
design_era_1989,0.07274901735061423
spans,0.05132349462339114
cond,0.03313366267739726
reconstructed_flag,0.01083232436108883
