Feature,Importance,Importance_std
pga,2.0181181312382273,0.04545767261282245
HWB_CLASS,0.06461445178694548,0.007675162394316678
