Feature Set,Model,MAE,RMSE,R2,MAE_std,RMSE_std,R2_std
HAZUS-only,Extra Trees,8.088260001396331e-05,0.001672149708775645,0.9990794229175243,1.0767917721137384e-05,0.00046918993421504594,0.0005231073294479585
Hybrid HAZUS+SVI,Extra Trees,0.0001310947252237282,0.0018080817672401683,0.9989416108733917,1.7526803966567095e-05,0.0004634906263812848,0.0005157516653443713
SVI-only,Random Forest,0.023365291497828594,0.05332907490446668,0.14339754144666036,0.0005091114493129288,0.00142930940045151,0.019680370302193547
