Feature Set,Model,CV_MAE,CV_RMSE,CV_RMSLE,CV_R2,CV_MAE_std,CV_RMSE_std,CV_RMSLE_std,CV_R2_std,Holdout_MAE,Holdout_RMSE,Holdout_RMSLE,Holdout_R2,Holdout_MAE_Positive,Holdout_RMSE_Positive,Holdout_RMSLE_Positive,Holdout_R2_Positive
Event Damage Hybrid,MLPRegressor,0.0002049627591687738,0.0006253014901242666,0.0005328631207441909,0.9997721821821958,3.9379896007554966e-05,0.00013111601490378862,0.00010689425885179647,9.179659504098078e-05,0.00018360458343295744,0.000570531054457778,0.0004935375991153795,0.999834284514494,0.000264719779169018,0.0007033039836297656,0.0006075282791148653,0.9998319208373936
HAZUS Benchmark,Gradient Boosting,0.0008065694219562287,0.004213228057233156,0.0033866810456109745,0.9899919235674393,2.748616008301839e-05,0.0001497278331180504,8.44847852275426e-05,0.00020485907809661056,0.000848121680829816,0.004314611702086477,0.0034488929299454725,0.990522627493539,0.0012837021328875355,0.0053410980821229645,0.004269394016635901,0.9903063166846454
Structural + HAZUS Class,Extra Trees,0.012107685585454822,0.038232148709927,0.03359608309352257,0.17573303214846836,0.00013161603018800794,0.0011563626354449776,0.0008670895036611454,0.008694589969209581,0.012349811315956596,0.03934131149733557,0.03444006143650065,0.2120436059827998,0.01610461849200733,0.04767615437921489,0.041556390461554585,0.22762153632747495
Structural + SVI,Extra Trees,0.012474507580387319,0.03848956044851313,0.03380501791638971,0.1648158211910623,0.00017558556936908098,0.001302778671271789,0.0010121882314466008,0.005682020284343463,0.01261904297282269,0.03962314215152318,0.03464211903215894,0.20071375023732185,0.016448008515317927,0.04826151542815827,0.042038942412097303,0.20853879746981718
Structural + SVI + HAZUS Class,Extra Trees,0.01225468141673716,0.03851161684984217,0.03386161100940225,0.16366427860972985,0.0001512803502961272,0.001195420857304426,0.0009021176774123601,0.009885531719809167,0.012523245296855846,0.03979681053174629,0.03484261534987416,0.19369184612818258,0.016269894209968546,0.048204445287606944,0.04201545232008851,0.2104095259454618
Structural Core,Extra Trees,0.0124090384415368,0.03851843255491529,0.03381999707678748,0.16366045683526187,0.00019478827779091337,0.0013603749590842843,0.0010723686326347091,0.004808238200572082,0.012476064736073772,0.039286004974657916,0.03434370496918459,0.2142574872423344,0.016160356132159343,0.047677782255767756,0.04151413031910806,0.22756879053566892
