Feature Set,Model,CV_MAE,CV_RMSE,CV_RMSLE,CV_R2,CV_MAE_std,CV_RMSE_std,CV_RMSLE_std,CV_R2_std,Holdout_MAE,Holdout_RMSE,Holdout_RMSLE,Holdout_R2,Holdout_MAE_Positive,Holdout_RMSE_Positive,Holdout_RMSLE_Positive,Holdout_R2_Positive
HAZUS Benchmark,MLPRegressor,0.00022579908966265138,0.0007255183900931878,0.000671070560942612,0.9997552767084046,1.8893772399589547e-05,7.971799390219967e-05,6.794921105434312e-05,6.833144216426247e-05,0.00018342202832838958,0.00044258952836966764,0.0004012580531906465,0.9999047307514308,0.0002531440004473828,0.0005446838408299954,0.0004926884206858318,0.9999042569982062
Event Damage Hybrid,MLPRegressor,0.0007115907471655037,0.0015141126994568975,0.0013343926349093285,0.9989155796815927,0.00016084460602701494,0.0002533270452287402,0.0002507145894264,0.0004232831176670177,0.0007162417406419786,0.0014378653098151162,0.0012818697395795547,0.9989944888680127,0.0009075187878210818,0.0017210155286189982,0.0015186626427803923,0.9990441546425995
Bridge Vulnerability Structural,Extra Trees,0.014493032503982999,0.04295908058735407,0.037391403440307974,0.16477223902334948,0.00025896084200611124,0.0014422656504499629,0.0011366461773172803,0.008647562475941018,0.013475048122335152,0.04145720878359281,0.03597445299530688,0.16410719216312852,0.01771670172472317,0.050828832771735416,0.04393404204450193,0.16624523182177786
Bridge Vulnerability Compact,Random Forest,0.015600424673765738,0.0441661766963361,0.03844806779500308,0.11685223460144294,0.00011922885815972601,0.0011813043582731791,0.0008928064879638595,0.00411329692571112,0.014599591799287654,0.04245280142061267,0.03687218056059199,0.12347727647931328,0.01848248634115581,0.051900017233970565,0.044866975564008066,0.1307332632107575
