Feature Set,Model,Transform,MAE,RMSE,RMSLE,MedianAE,R2,MAE_Positive,RMSE_Positive,RMSLE_Positive,R2_Positive
Structural + SVI + HAZUS Class,Extra Trees,Raw target,0.01292940824230273,0.03976140695775156,0.034851714093667205,0.002610802289853535,0.19512580490742049,0.016676058472985936,0.04801470832400595,0.04187674950153701,0.21661308898113452
