Feature,Importance,Importance_std,Model_Label
pga,2.01665475434252,0.045070587097670055,Hybrid HAZUS+SVI :: Extra Trees
HWB_CLASS,0.06326356668010925,0.0072528206901890015,Hybrid HAZUS+SVI :: Extra Trees
max_span,1.6450296978998136e-05,1.0788634286630847e-05,Hybrid HAZUS+SVI :: Extra Trees
year,1.2509658300755011e-05,1.183177394572075e-05,Hybrid HAZUS+SVI :: Extra Trees
spans,5.7640898298710885e-06,1.1903082781316422e-05,Hybrid HAZUS+SVI :: Extra Trees
yr_recon,-6.16897025143559e-07,2.2799154371095357e-06,Hybrid HAZUS+SVI :: Extra Trees
SVI,-1.6085270345300717e-05,9.366239901644396e-06,Hybrid HAZUS+SVI :: Extra Trees
skew,-2.7365971513593212e-05,1.9356363506601646e-05,Hybrid HAZUS+SVI :: Extra Trees
cond,-3.3250703245640834e-05,6.902946273190717e-05,Hybrid HAZUS+SVI :: Extra Trees
