Feature Set,Model,MAE,RMSE,R2
Hybrid HAZUS+SVI,Extra Trees,0.00012172651862574934,0.0029525927386342674,0.9973375622746936
