Feature Set,Model,Transform,MAE,RMSE,RMSLE,MedianAE,R2,MAE_Positive,RMSE_Positive,RMSLE_Positive,R2_Positive
Bridge Vulnerability Structural,Extra Trees,log1p -> expm1 target,0.013475048122335152,0.04145720878359281,0.03597445299530688,0.0030537613264674827,0.16410719216312852,0.01771670172472317,0.050828832771735416,0.04393404204450193,0.16624523182177786
