Transform,MAE,RMSE,RMSLE,MedianAE,R2,MAE_Positive,RMSE_Positive,RMSLE_Positive,R2_Positive
Raw target,0.01292940824230273,0.03976140695775156,0.034851714093667205,0.002610802289853535,0.19512580490742049,0.016676058472985936,0.04801470832400595,0.04187674950153701,0.21661308898113452
log1p -> expm1 target,0.012523245296855846,0.03979681053174629,0.03484261534987416,0.0024299083450559783,0.19369184612818258,0.016269894209968546,0.048204445287606944,0.04201545232008851,0.2104095259454618
