Transform,MAE,RMSE,RMSLE,MedianAE,R2,MAE_Positive,RMSE_Positive,RMSLE_Positive,R2_Positive
Raw target,0.00035219774279198233,0.0010556673570578518,0.0009139803236227984,6.845923710052486e-05,0.9994579932983378,0.0004969501110239231,0.0012464823717591362,0.001060764466561724,0.9994985930619983
log1p -> expm1 target,0.0004675910225227157,0.001216948728812007,0.0010186788417631302,0.00016443168176314625,0.9992797304850977,0.0006673537018051233,0.0015025086056220719,0.0012538194395507755,0.999271462361976
