Transform,MAE,RMSE,RMSLE,MedianAE,R2,MAE_Positive,RMSE_Positive,RMSLE_Positive,R2_Positive
Raw target,0.013940662733573668,0.04154193255690805,0.0361090268487942,0.0032656864901278314,0.1606871665380829,0.018167950432557724,0.05079162402623687,0.04394897899193298,0.16746546892961955
log1p -> expm1 target,0.013475048122335152,0.04145720878359281,0.03597445299530688,0.0030537613264674827,0.16410719216312852,0.01771670172472317,0.050828832771735416,0.04393404204450193,0.16624523182177786
