Model,Exact_Accuracy,Within_1_State_Accuracy,MAE_Ordinal,Weighted_Kappa,Macro_F1,Underprediction_Rate,Overprediction_Rate,Severe_Underprediction_Rate
Univariate (HAZUS),0.6845441248171623,0.8015602145294978,0.7069722086786934,0.08086399582709514,0.21659270781951784,0.2598732325694783,0.05558264261335934,0.17357386640663092
Hybrid Proxy Model,0.7425646026328621,0.841540711847879,0.5787420770355924,0.35476512394588,0.38991913801461164,0.22086786933203315,0.036567528035104824,0.13895660653339834
